player,all_pro_1st,pro_bowls,seasons_started,wav
A.J. Terrell,0,0,6,31
Andrew Thomas,0,0,6,33
Austin Jackson,0,0,4,24
Brandon Aiyuk,0,0,5,39
C.J. Henderson,0,0,2,13
CeeDee Lamb,1,5,6,65
Cesar Ruiz,0,0,6,29
Chase Young,0,1,2,29
Clyde Edwards-Helaire,0,0,1,18
Damon Arnette,0,0,0,2
Derrick Brown,0,1,5,35
Henry Ruggs,0,0,1,8
Isaiah Simmons,0,0,2,20
Isaiah Wilson,0,0,0,0
Jalen Reagor,0,0,2,10
Javon Kinlaw,0,0,3,27
Jedrick Wills,0,0,3,24
Jeff Gladney,0,0,1,5
Jeff Okudah,0,0,2,11
Jerry Jeudy,0,1,5,31
Joe Burrow,0,3,5,63
Jordan Love,0,0,3,42
Jordyn Brooks,1,0,5,43
Justin Herbert,0,2,6,74
Justin Jefferson,2,4,6,65
K'Lavon Chaisson,0,0,1,17
Kenneth Murray,0,0,5,32
Mekhi Becton,0,0,4,21
Noah Igbinoghene,0,0,1,7
Patrick Queen,0,2,6,54
Tristan Wirfs,2,5,6,64
Tua Tagovailoa,0,1,6,52
