pick,player,pos,group,team,CP,AF,HC,AP,DC,RI,CGI,IRI,status
1,Joe Burrow,QB,QB,CIN,92.8,90,92,78,99,90.41,14,3,scored
2,Chase Young,EDGE,FRONT7,WAS,92.8,90,90,95,97,92.4,7,3,scored
3,Jeff Okudah,CB,DB,DET,93.8,93,92,90,98,93.14,13,3,scored
4,Andrew Thomas,OT,OL,NYG,84.9,86,88,82,95,86.29,13,2,scored
5,Tua Tagovailoa,QB,QB,MIA,86.2,82,85,76,96,84.47,11,12,scored
6,Justin Herbert,QB,QB,LAC,79.8,80,82,90,88,82.59,8,6,scored
7,Derrick Brown,DT,FRONT7,CAR,84.6,90,86,74,93,85.34,15,2,scored
8,Isaiah Simmons,LB,FRONT7,ARI,92.8,95,90,97,95,93.65,15,2,scored
9,C.J. Henderson,CB,DB,JAX,83.0,76,80,92,92,83.1,4,6,scored
10,Jedrick Wills,OT,OL,CLE,84.9,84,85,82,93,85.09,11,2,scored
11,Mekhi Becton,OT,OL,NYJ,92.3,84,84,98,90,89.52,8,5,scored
12,Henry Ruggs,WR,SKILL,LV,71.9,84,80,98,90,81.87,11,4,EXCLUDED-non-sporting-termination
13,Tristan Wirfs,OT,OL,TB,92.3,88,88,96,90,90.86,14,2,scored
14,Javon Kinlaw,DT,FRONT7,SF,74.9,84,86,86,90,82.17,12,5,scored
15,Jerry Jeudy,WR,SKILL,DEN,90.4,82,88,80,90,86.44,8,3,scored
16,A.J. Terrell,CB,DB,ATL,83.0,78,84,90,84,83.18,7,3,scored
17,CeeDee Lamb,WR,SKILL,DAL,94.1,86,88,82,88,88.71,10,4,scored
18,Austin Jackson,OT,OL,MIA,71.9,78,80,86,88,78.49,13,4,scored
19,Damon Arnette,CB,DB,LV,83.0,78,80,84,80,81.16,8,4,scored
20,K'Lavon Chaisson,EDGE,FRONT7,JAX,71.6,78,82,88,84,78.64,14,9,scored
21,Jalen Reagor,WR,SKILL,PHI,75.6,82,80,88,80,80.16,8,5,scored
22,Justin Jefferson,WR,SKILL,MIN,86.7,84,84,86,86,85.42,14,3,scored
23,Kenneth Murray,LB,FRONT7,LAC,87.9,82,88,92,84,86.79,13,4,scored
24,Cesar Ruiz,C,OL,NO,77.4,84,86,84,82,81.92,13,3,scored
25,Brandon Aiyuk,WR,SKILL,SF,79.3,84,82,88,84,82.64,11,7,scored
26,Jordan Love,QB,QB,GB,73.2,80,82,86,82,79.15,7,3,scored
27,Jordyn Brooks,LB,FRONT7,SEA,79.8,82,84,84,84,82.11,13,6,scored
28,Patrick Queen,LB,FRONT7,BAL,79.8,86,84,88,86,83.83,14,4,scored
29,Isaiah Wilson,OT,OL,TEN,77.4,82,82,84,80,80.54,12,3,scored
30,Noah Igbinoghene,CB,DB,MIA,72.2,82,80,90,82,79.51,11,3,scored
31,Jeff Gladney,CB,DB,MIN,83.0,82,80,84,80,82.08,11,6,EXCLUDED-non-sporting-termination
32,Clyde Edwards-Helaire,RB,SKILL,KC,83.0,82,86,78,76,81.86,9,3,scored
